periodo,periodo_fecha,categoria_ramo,prima_neta,var_pct_mom
2023-08,2023-08-01,Accidentes Personales,998557362.0,
2023-08,2023-08-01,Asistencias,240401257.0,
2023-08,2023-08-01,Autos,49060162709.0,
2023-08,2023-08-01,Cumplimiento,2505473433.0,
2023-08,2023-08-01,Daños Materiales,6068397555.829999,
2023-08,2023-08-01,Exequias,438848284.0,
2023-08,2023-08-01,Hogar,5941402015.0,
2023-08,2023-08-01,Ingeniería,190166076.0,
2023-08,2023-08-01,Manejo / Riesgos Financieros,361865639.40999997,
2023-08,2023-08-01,Otros,1410028847.0,
2023-08,2023-08-01,PYME / Multiriesgo,2989397294.709993,
2023-08,2023-08-01,Responsabilidad Civil,2108982820.0,
2023-08,2023-08-01,SOAT,3986328300.0,
2023-08,2023-08-01,Salud,3910884889.0,
2023-08,2023-08-01,Transporte / Navegación,619512994.0,
2023-08,2023-08-01,Vida,9413737851.087067,
2023-09,2023-09-01,Accidentes Personales,760708051.0,-23.81929371825111
2023-09,2023-09-01,Asistencias,185160643.0,-22.9785046423447
2023-09,2023-09-01,Autos,50288692920.0,2.504129915522335
2023-09,2023-09-01,Cumplimiento,3294623268.9999995,31.49703467639999
2023-09,2023-09-01,Daños Materiales,6221205348.650002,2.5180913315937525
2023-09,2023-09-01,Exequias,382737406.0,-12.785939935451584
2023-09,2023-09-01,Hogar,6268975155.0,5.513398002239045
2023-09,2023-09-01,Ingeniería,151853328.0,-20.146994041145383
2023-09,2023-09-01,Manejo / Riesgos Financieros,657759115.0,81.76887865685076
2023-09,2023-09-01,Otros,1898732189.0,34.659102403456
2023-09,2023-09-01,PYME / Multiriesgo,2304403246.3499856,-22.914118828305817
2023-09,2023-09-01,Responsabilidad Civil,1073911510.6599998,-49.07917217362634
2023-09,2023-09-01,SOAT,3566150029.0,-10.540483356576525
2023-09,2023-09-01,Salud,4255317206.0,8.807017510762648
2023-09,2023-09-01,Transporte / Navegación,304601141.0,-50.8321626906828
2023-09,2023-09-01,Vida,9901779731.867353,5.1843580998373495
2023-10,2023-10-01,Accidentes Personales,78600393.0,-89.66746928776753
2023-10,2023-10-01,Asistencias,308540100.0,66.63373760265026
2023-10,2023-10-01,Autos,50194025772.0,-0.188247382270601
2023-10,2023-10-01,Cumplimiento,3354099412.0000005,1.8052486777358823
2023-10,2023-10-01,Daños Materiales,6236600215.919958,0.24745795078597865
2023-10,2023-10-01,Exequias,357555450.0,-6.579434255767513
2023-10,2023-10-01,Hogar,6488471527.0,3.5013118822928346
2023-10,2023-10-01,Ingeniería,130363889.0,-14.15144421464375
2023-10,2023-10-01,Manejo / Riesgos Financieros,335214049.0,-49.036958765672146
2023-10,2023-10-01,Otros,4728752145.6,149.04787378626995
2023-10,2023-10-01,PYME / Multiriesgo,2316857311.8699837,0.5404464491934879
2023-10,2023-10-01,Responsabilidad Civil,2258331496.95,110.29027760044067
2023-10,2023-10-01,SOAT,3988567700.0,11.845201900225488
2023-10,2023-10-01,Salud,4055877250.0,-4.6868411059647785
2023-10,2023-10-01,Transporte / Navegación,240493311.0,-21.04648386724198
2023-10,2023-10-01,Vida,10302067229.910694,4.042581322578576
2023-11,2023-11-01,Accidentes Personales,185436316.0,135.9228865433281
2023-11,2023-11-01,Asistencias,317390800.0,2.868573647315209
2023-11,2023-11-01,Autos,60785733867.0,21.101531371704453
2023-11,2023-11-01,Cumplimiento,3741579010.0,11.55241841114516
2023-11,2023-11-01,Daños Materiales,7033690007.969999,12.780838348678136
2023-11,2023-11-01,Exequias,454118241.0,27.006382087030147
2023-11,2023-11-01,Hogar,5932798724.0,-8.564001563198964
2023-11,2023-11-01,Ingeniería,160298335.0,22.96222230682301
2023-11,2023-11-01,Manejo / Riesgos Financieros,28701178.0,-91.43795491697904
2023-11,2023-11-01,Otros,160952678.0,-96.59629701358395
2023-11,2023-11-01,PYME / Multiriesgo,2423103739.949983,4.585799372955157
2023-11,2023-11-01,Responsabilidad Civil,8142671877.2,260.56140952721614
2023-11,2023-11-01,SOAT,3811494200.0,-4.439525998267502
2023-11,2023-11-01,Salud,3740888776.0,-7.766223053224797
2023-11,2023-11-01,Transporte / Navegación,503950617.0,109.54870424649772
2023-11,2023-11-01,Vida,9940674022.161331,-3.5079678639652556
2023-12,2023-12-01,Accidentes Personales,274703845.0,48.139183804751596
2023-12,2023-12-01,Asistencias,539654758.0,70.02848160690228
2023-12,2023-12-01,Autos,61815725833.0,1.6944633230119965
2023-12,2023-12-01,Cumplimiento,9703270541.0,159.33624587550804
2023-12,2023-12-01,Daños Materiales,7643795474.740004,8.674045431042355
2023-12,2023-12-01,Exequias,470400802.0,3.585533354516812
2023-12,2023-12-01,Hogar,5948466389.0,0.26408556448442866
2023-12,2023-12-01,Ingeniería,137361411.0,-14.3088972196748
2023-12,2023-12-01,Manejo / Riesgos Financieros,383140760.0,1234.9304338658155
2023-12,2023-12-01,Otros,-1121821599.93,-796.9884651002825
2023-12,2023-12-01,PYME / Multiriesgo,3658150463.940034,50.96961816482295
2023-12,2023-12-01,Responsabilidad Civil,2500859846.61,-69.28698731416935
2023-12,2023-12-01,SOAT,4094395400.0,7.422317473289075
2023-12,2023-12-01,Salud,4441346274.0,18.72436043792176
2023-12,2023-12-01,Transporte / Navegación,245948757.0,-51.19586151831221
2023-12,2023-12-01,Vida,11341774760.661243,14.09462512679076
2024-01,2024-01-01,Accidentes Personales,712535944.0,159.38331660410503
2024-01,2024-01-01,Asistencias,310343680.0,-42.49218126971467
2024-01,2024-01-01,Autos,53986597211.0,-12.665270069223167
2024-01,2024-01-01,Cumplimiento,7205884305.0,-25.737571939766035
2024-01,2024-01-01,Daños Materiales,7527872554.659997,-1.5165622950416457
2024-01,2024-01-01,Exequias,582392749.0,23.807771271614463
2024-01,2024-01-01,Hogar,5983293706.0,0.5854839671684653
2024-01,2024-01-01,Ingeniería,471349460.0,243.14547045530855
2024-01,2024-01-01,Manejo / Riesgos Financieros,357427190.0,-6.7112593293389144
2024-01,2024-01-01,Otros,4397129969.08,-491.9633896650211
2024-01,2024-01-01,PYME / Multiriesgo,2445761328.439984,-33.142134186417216
2024-01,2024-01-01,Responsabilidad Civil,1821735616.1799998,-27.155629346865485
2024-01,2024-01-01,SOAT,4252454600.0,3.8603794836229
2024-01,2024-01-01,Salud,3555622510.0,-19.94268650442994
2024-01,2024-01-01,Transporte / Navegación,914760496.0,271.9313352740384
2024-01,2024-01-01,Vida,11569057965.84119,2.0039474418789727
2024-02,2024-02-01,Accidentes Personales,1327003052.0,86.23664717186534
2024-02,2024-02-01,Asistencias,255593614.0,-17.64175316861616
2024-02,2024-02-01,Autos,52545758813.0,-2.6688816714427466
2024-02,2024-02-01,Cumplimiento,1983484201.0,-72.47410425915797
2024-02,2024-02-01,Daños Materiales,7355454095.099998,-2.290400884287902
2024-02,2024-02-01,Exequias,465825467.0,-20.015235800952603
2024-02,2024-02-01,Hogar,6359084126.0,6.28066142939232
2024-02,2024-02-01,Ingeniería,195841925.0,-58.450801025633936
2024-02,2024-02-01,Manejo / Riesgos Financieros,315351511.0,-11.771818198833728
2024-02,2024-02-01,Otros,1165860193.0,-73.48588280996547
2024-02,2024-02-01,PYME / Multiriesgo,2570136110.3599973,5.08531967014727
2024-02,2024-02-01,Responsabilidad Civil,1633118529.46,-10.353702537556531
2024-02,2024-02-01,SOAT,4169784800.0,-1.9440489735034427
2024-02,2024-02-01,Salud,2992390288.0,-15.840607950251728
2024-02,2024-02-01,Transporte / Navegación,264117476.0,-71.12714451980445
2024-02,2024-02-01,Vida,11243161830.121204,-2.8169634613485983
2024-03,2024-03-01,Accidentes Personales,323062306.0,-75.65474280461564
2024-03,2024-03-01,Asistencias,517388951.0,102.42639982390172
2024-03,2024-03-01,Autos,50209959242.0,-4.445267560627775
2024-03,2024-03-01,Cumplimiento,3752688566.0,89.19679643064624
2024-03,2024-03-01,Daños Materiales,6334288614.899998,-13.883105883024582
2024-03,2024-03-01,Exequias,806230953.0,73.0757569336586
2024-03,2024-03-01,Hogar,6468515707.0,1.7208701572695606
2024-03,2024-03-01,Ingeniería,525849401.0,168.50706303055384
2024-03,2024-03-01,Manejo / Riesgos Financieros,198821843.0,-36.95231002080088
2024-03,2024-03-01,Otros,1156354402.0,-0.8153457041482515
2024-03,2024-03-01,PYME / Multiriesgo,3196521197.4900017,24.37166983511496
2024-03,2024-03-01,Responsabilidad Civil,1528384780.95,-6.4131137220413965
2024-03,2024-03-01,SOAT,3829664400.0,-8.156785453292459
2024-03,2024-03-01,Salud,4133407023.0,38.130612158971154
2024-03,2024-03-01,Transporte / Navegación,159084259.0,-39.76761348423609
2024-03,2024-03-01,Vida,11711767194.041529,4.167914426570807
2024-04,2024-04-01,Accidentes Personales,265691182.0,-17.75853231233977
2024-04,2024-04-01,Asistencias,406082280.0,-21.513151911123817
2024-04,2024-04-01,Autos,49394530730.0,-1.624037390808919
2024-04,2024-04-01,Cumplimiento,7621863221.0,103.10407024061053
2024-04,2024-04-01,Daños Materiales,6841162569.619997,8.002065986189688
2024-04,2024-04-01,Exequias,639763993.0,-20.64755258782529
2024-04,2024-04-01,Hogar,6326267325.0,-2.199088453106235
2024-04,2024-04-01,Ingeniería,190107949.0,-63.84745354117081
2024-04,2024-04-01,Manejo / Riesgos Financieros,513245505.0,158.14341988571147
2024-04,2024-04-01,Otros,551021138.63,-52.348420373808544
2024-04,2024-04-01,PYME / Multiriesgo,3496609807.9600234,9.38797498685946
2024-04,2024-04-01,Responsabilidad Civil,1008756192.4799999,-33.998545061866814
2024-04,2024-04-01,SOAT,4021892100.0,5.019439823499949
2024-04,2024-04-01,Salud,4341010144.0,5.022566610179191
2024-04,2024-04-01,Transporte / Navegación,273245421.0,71.76144435509487
2024-04,2024-04-01,Vida,10166265081.841152,-13.196147828029448
2024-05,2024-05-01,Accidentes Personales,231603742.0,-12.829721989042152
2024-05,2024-05-01,Asistencias,305978705.0,-24.651057169990274
2024-05,2024-05-01,Autos,51871869779.0,5.015411650616963
2024-05,2024-05-01,Cumplimiento,8390989143.0,10.09104860188097
2024-05,2024-05-01,Daños Materiales,7725805501.479994,12.931178332005878
2024-05,2024-05-01,Exequias,295484692.0,-53.81348509246284
2024-05,2024-05-01,Hogar,6371551401.0,0.7158103455579212
2024-05,2024-05-01,Ingeniería,230783050.0,21.395791819309995
2024-05,2024-05-01,Manejo / Riesgos Financieros,325607144.0,-36.5591825300058
2024-05,2024-05-01,Otros,2799242212.0,408.0099502098479
2024-05,2024-05-01,PYME / Multiriesgo,3814681051.480034,9.096560983039126
2024-05,2024-05-01,Responsabilidad Civil,1379221651.6399999,36.724974966371285
2024-05,2024-05-01,SOAT,1948178700.0,-51.56064231559072
2024-05,2024-05-01,Salud,4249438693.0,-2.109450288352055
2024-05,2024-05-01,Transporte / Navegación,222659711.0,-18.512921393109096
2024-05,2024-05-01,Vida,10905643968.591204,7.272866493228869
2024-06,2024-06-01,Accidentes Personales,114111249.0,-50.729963162684996
2024-06,2024-06-01,Asistencias,457022555.0,49.364170620958745
2024-06,2024-06-01,Autos,54460954341.0,4.99130756811117
2024-06,2024-06-01,Cumplimiento,4471479775.999999,-46.71093360035826
2024-06,2024-06-01,Daños Materiales,7979626416.899999,3.2853650712716176
2024-06,2024-06-01,Exequias,428642836.0,45.06431216409681
2024-06,2024-06-01,Hogar,5475320256.0,-14.066136935807172
2024-06,2024-06-01,Ingeniería,754944297.0,227.12293948797364
2024-06,2024-06-01,Manejo / Riesgos Financieros,329014952.8,1.0466013608104507
2024-06,2024-06-01,Otros,1353094497.8300002,-51.6621144097694
2024-06,2024-06-01,PYME / Multiriesgo,3525289886.700023,-7.5862479949072466
2024-06,2024-06-01,Responsabilidad Civil,690763955.3,-49.91639273653884
2024-06,2024-06-01,SOAT,2199144100.0,12.882052349715156
2024-06,2024-06-01,Salud,4398462001.0,3.506893939792155
2024-06,2024-06-01,Transporte / Navegación,278734501.0,25.184075622913205
2024-06,2024-06-01,Vida,10863293367.171835,-0.38833654886717417
2024-07,2024-07-01,Accidentes Personales,624610334.0,447.3696410070842
2024-07,2024-07-01,Asistencias,327886443.0,-28.255960365019618
2024-07,2024-07-01,Autos,56862944745.0,4.4104816617062115
2024-07,2024-07-01,Cumplimiento,1439078986.0,-67.81649346321453
2024-07,2024-07-01,Daños Materiales,8930960956.769997,11.922043591604403
2024-07,2024-07-01,Exequias,474290582.0,10.649366364308023
2024-07,2024-07-01,Hogar,5575868952.0,1.8363984442702819
2024-07,2024-07-01,Ingeniería,46018648.0,-93.90436510576092
2024-07,2024-07-01,Manejo / Riesgos Financieros,1918637103.0,483.1458681959332
2024-07,2024-07-01,Otros,424367088.0,-68.63729113668182
2024-07,2024-07-01,PYME / Multiriesgo,2951853942.860003,-16.266348648474004
2024-07,2024-07-01,Responsabilidad Civil,1264430346.53,83.0481073640931
2024-07,2024-07-01,SOAT,2867868200.0,30.408380242113275
2024-07,2024-07-01,Salud,4631310270.0,5.293856555929355
2024-07,2024-07-01,Transporte / Navegación,395398526.0,41.85489222950554
2024-07,2024-07-01,Vida,10266691494.092299,-5.4919061182903235
2024-08,2024-08-01,Accidentes Personales,1173579909.0,87.88992834691076
2024-08,2024-08-01,Asistencias,196453021.0,-40.085043101339814
2024-08,2024-08-01,Autos,55221175708.0,-2.8872388589132325
2024-08,2024-08-01,Cumplimiento,13187755700.0,816.4024927259969
2024-08,2024-08-01,Daños Materiales,6892213090.890001,-22.827866740751446
2024-08,2024-08-01,Exequias,454396966.0,-4.194394060306261
2024-08,2024-08-01,Hogar,7171780145.0,28.621748587322248
2024-08,2024-08-01,Ingeniería,541750637.0,1077.2415326065207
2024-08,2024-08-01,Manejo / Riesgos Financieros,654239050.8,-65.90084441830999
2024-08,2024-08-01,Otros,927945679.0,118.665797899954
2024-08,2024-08-01,PYME / Multiriesgo,3723389285.380041,26.137314293149274
2024-08,2024-08-01,Responsabilidad Civil,644883129.87,-48.99812934419322
2024-08,2024-08-01,SOAT,2817394200.0,-1.759983251671049
2024-08,2024-08-01,Salud,3898535021.0,-15.82220162934581
2024-08,2024-08-01,Transporte / Navegación,396316910.0,0.2322679371849823
2024-08,2024-08-01,Vida,10690631372.721111,4.129274546456929
2024-09,2024-09-01,Accidentes Personales,254357760.0,-78.32633653240224
2024-09,2024-09-01,Asistencias,269209868.0,37.035239585345956
2024-09,2024-09-01,Autos,57112061963.0,3.4242049915754746
2024-09,2024-09-01,Cumplimiento,2314224827.000001,-82.4517159731735
2024-09,2024-09-01,Daños Materiales,6497488543.109992,-5.7271088774337064
2024-09,2024-09-01,Exequias,378640166.0,-16.671942303417573
2024-09,2024-09-01,Hogar,5565922956.0,-22.391333205042073
2024-09,2024-09-01,Ingeniería,200189719.0,-63.047626467304
2024-09,2024-09-01,Manejo / Riesgos Financieros,111241336.0,-82.99683642179801
2024-09,2024-09-01,Otros,2584203987.0,178.48655858658296
2024-09,2024-09-01,PYME / Multiriesgo,2795657094.8799944,-24.916336149507778
2024-09,2024-09-01,Responsabilidad Civil,524376273.99999994,-18.68661937152747
2024-09,2024-09-01,SOAT,2670218200.0,-5.223834137232197
2024-09,2024-09-01,Salud,3922384855.0,0.6117640054925655
2024-09,2024-09-01,Transporte / Navegación,245874232.0,-37.96019655078558
2024-09,2024-09-01,Vida,11521868923.991407,7.775383158298155
2024-10,2024-10-01,Accidentes Personales,-32865581.0,-112.92100583052785
2024-10,2024-10-01,Asistencias,292089278.0,8.49872635426574
2024-10,2024-10-01,Autos,62305475338.0,9.093373967769791
2024-10,2024-10-01,Cumplimiento,10447676312.0,351.4546810710538
2024-10,2024-10-01,Daños Materiales,6887704441.7299595,6.005641965059816
2024-10,2024-10-01,Exequias,355143014.0,-6.205668101254746
2024-10,2024-10-01,Hogar,5470888699.0,-1.7074303354766007
2024-10,2024-10-01,Ingeniería,86686892.0,-56.69763041128002
2024-10,2024-10-01,Manejo / Riesgos Financieros,257151196.0,131.16514530174288
2024-10,2024-10-01,Otros,489116975.0,-81.07281865284112
2024-10,2024-10-01,PYME / Multiriesgo,2679675647.4900293,-4.148629229327694
2024-10,2024-10-01,Responsabilidad Civil,9672693000.229998,1744.609201412877
2024-10,2024-10-01,SOAT,3214496100.0,20.383274295711118
2024-10,2024-10-01,Salud,4155211251.0,5.935837624480111
2024-10,2024-10-01,Transporte / Navegación,271151838.0,10.280705625142538
2024-10,2024-10-01,Vida,11152591706.709257,-3.205011441444394
2024-11,2024-11-01,Accidentes Personales,140490419.0,-527.4697562778518
2024-11,2024-11-01,Asistencias,295671571.0,1.2264376921086395
2024-11,2024-11-01,Autos,72352545074.0,16.12550049814372
2024-11,2024-11-01,Cumplimiento,7058099838.000001,-32.44335269180188
2024-11,2024-11-01,Daños Materiales,6641180660.969953,-3.579186401588519
2024-11,2024-11-01,Exequias,410391083.0,15.556569275497555
2024-11,2024-11-01,Hogar,5062787905.0,-7.459497285598138
2024-11,2024-11-01,Ingeniería,233782403.0,169.68599012639652
2024-11,2024-11-01,Manejo / Riesgos Financieros,246621168.0,-4.094878096542088
2024-11,2024-11-01,Otros,272081351.0,-44.37294861827276
2024-11,2024-11-01,PYME / Multiriesgo,2555026975.81003,-4.651632812230611
2024-11,2024-11-01,Responsabilidad Civil,2473070174.0,-74.43245460244428
2024-11,2024-11-01,SOAT,2593737600.0,-19.311222682771334
2024-11,2024-11-01,Salud,3896472712.0,-6.226844397808451
2024-11,2024-11-01,Transporte / Navegación,360197679.0,32.83984414665853
2024-11,2024-11-01,Vida,11785350821.529518,5.673650855877743
2024-12,2024-12-01,Accidentes Personales,143356436.0,2.04000886352258
2024-12,2024-12-01,Asistencias,519440219.0,75.68148917502793
2024-12,2024-12-01,Autos,65319989994.0,-9.71984478611957
2024-12,2024-12-01,Cumplimiento,949087942.9999999,-86.55320886947193
2024-12,2024-12-01,Daños Materiales,7471709357.279938,12.505738643596631
2024-12,2024-12-01,Exequias,414807087.0,1.0760477463882978
2024-12,2024-12-01,Hogar,4821743718.0,-4.761095892678913
2024-12,2024-12-01,Ingeniería,-13241394.0,-105.66398233146744
2024-12,2024-12-01,Manejo / Riesgos Financieros,-307602388.0,-224.72667715206018
2024-12,2024-12-01,Otros,6267176136.0,2203.41995618803
2024-12,2024-12-01,PYME / Multiriesgo,3935101054.689938,54.014070768954525
2024-12,2024-12-01,Responsabilidad Civil,2590800653.7,4.760498951373471
2024-12,2024-12-01,SOAT,3304630200.0,27.408038500116593
2024-12,2024-12-01,Salud,4419394916.0,13.420399490789503
2024-12,2024-12-01,Transporte / Navegación,1008797424.25,180.06771921759105
2024-12,2024-12-01,Vida,11897133247.149487,0.9484861953855894
2025-01,2025-01-01,Accidentes Personales,1064248205.0,642.3790899768184
2025-01,2025-01-01,Asistencias,295918398.0,-43.031288842114094
2025-01,2025-01-01,Autos,57004674418.0,-12.730123774917612
2025-01,2025-01-01,Cumplimiento,7894076636.0,731.75396908398
2025-01,2025-01-01,Daños Materiales,6449350585.989974,-13.683063973759168
2025-01,2025-01-01,Exequias,523761039.0,26.26617418424193
2025-01,2025-01-01,Hogar,4621773308.0,-4.147263349014018
2025-01,2025-01-01,Ingeniería,37446616.0,-382.7996508524707
2025-01,2025-01-01,Manejo / Riesgos Financieros,676747116.0,-320.0071073570469
2025-01,2025-01-01,Otros,3608857716.0,-42.41652639583641
2025-01,2025-01-01,PYME / Multiriesgo,2625894471.389985,-33.269960926152386
2025-01,2025-01-01,Responsabilidad Civil,1464835553.3500001,-43.46012105338847
2025-01,2025-01-01,SOAT,2720674100.0,-17.670845591134523
2025-01,2025-01-01,Salud,3795529732.0,-14.116529431243075
2025-01,2025-01-01,Transporte / Navegación,990264199.0,-1.8371602468928439
2025-01,2025-01-01,Vida,12101413107.998943,1.7170511299299918
2025-02,2025-02-01,Accidentes Personales,1447720074.0,36.032183770514315
2025-02,2025-02-01,Asistencias,276255586.0,-6.644673711703453
2025-02,2025-02-01,Autos,57379169409.0,0.6569548810224424
2025-02,2025-02-01,Cumplimiento,12742067678.000002,61.4130222639506
2025-02,2025-02-01,Daños Materiales,7573419366.469958,17.42917779848745
2025-02,2025-02-01,Exequias,424984146.0,-18.859152484612363
2025-02,2025-02-01,Hogar,4815656881.0,4.195003953664278
2025-02,2025-02-01,Ingeniería,46179372.0,23.32054784336186
2025-02,2025-02-01,Manejo / Riesgos Financieros,125869714.0,-81.40077570718454
2025-02,2025-02-01,Otros,2112098431.0000005,-41.47459952117435
2025-02,2025-02-01,PYME / Multiriesgo,2946413868.8600116,12.206103518713117
2025-02,2025-02-01,Responsabilidad Civil,873100153.0,-40.396029369763255
2025-02,2025-02-01,SOAT,2100091300.0,-22.809891122203872
2025-02,2025-02-01,Salud,3076687282.0,-18.939186378635387
2025-02,2025-02-01,Transporte / Navegación,256022202.0,-74.1460710930942
2025-02,2025-02-01,Vida,13188660684.249044,8.984467900954796
2025-03,2025-03-01,Accidentes Personales,524775713.0,-63.75157584504143
2025-03,2025-03-01,Asistencias,434435953.0,57.25870353984443
2025-03,2025-03-01,Autos,53647272221.0,-6.503923333917494
2025-03,2025-03-01,Cumplimiento,2671141682.0,-79.03682707154431
2025-03,2025-03-01,Daños Materiales,8062750533.349954,6.461165600394803
2025-03,2025-03-01,Exequias,535301739.0,25.958049032727914
2025-03,2025-03-01,Hogar,4298329114.0,-10.742620991979269
2025-03,2025-03-01,Ingeniería,794463936.0,1620.387050737719
2025-03,2025-03-01,Manejo / Riesgos Financieros,222888989.0,77.0791256425672
2025-03,2025-03-01,Otros,1702426905.0,-19.396422060028527
2025-03,2025-03-01,PYME / Multiriesgo,5228172649.339922,77.44189655755113
2025-03,2025-03-01,Responsabilidad Civil,645908726.0,-26.021233213550932
2025-03,2025-03-01,SOAT,2156191600.0,2.671326718033651
2025-03,2025-03-01,Salud,3350752313.0,8.90779614175945
2025-03,2025-03-01,Transporte / Navegación,185501769.0,-27.54465528735668
2025-03,2025-03-01,Vida,11923423586.519531,-9.593370608439123
2025-04,2025-04-01,Accidentes Personales,362501747.0,-30.922537377410986
2025-04,2025-04-01,Asistencias,372049973.0,-14.360224923649445
2025-04,2025-04-01,Autos,54209611623.0,1.0482162069367584
2025-04,2025-04-01,Cumplimiento,482270705.00000006,-81.94514696656215
2025-04,2025-04-01,Daños Materiales,6939420934.319981,-13.932337288417207
2025-04,2025-04-01,Exequias,479274109.0,-10.466551090356157
2025-04,2025-04-01,Hogar,3816757623.0,-11.203690509213992
2025-04,2025-04-01,Ingeniería,76113758.0,-90.41948230108207
2025-04,2025-04-01,Manejo / Riesgos Financieros,147891293.0,-33.648004029485726
2025-04,2025-04-01,Otros,2935887446.0,72.45306904968116
2025-04,2025-04-01,PYME / Multiriesgo,5412687664.609921,3.5292448747517025
2025-04,2025-04-01,Responsabilidad Civil,679339829.0,5.175824641204807
2025-04,2025-04-01,SOAT,1715300000.0,-20.447700473371665
2025-04,2025-04-01,Salud,4288858656.0,27.996887127717706
2025-04,2025-04-01,Transporte / Navegación,250440300.0,35.0069604996597
2025-04,2025-04-01,Vida,12019839728.279703,0.8086280006790902
2025-05,2025-05-01,Accidentes Personales,220102680.0,-39.282311927727065
2025-05,2025-05-01,Asistencias,300965962.0,-19.106038478330976
2025-05,2025-05-01,Autos,60409805995.0,11.437444737879998
2025-05,2025-05-01,Aviación,0.0,
2025-05,2025-05-01,Cumplimiento,461342173.0,-4.339581853722596
2025-05,2025-05-01,Daños Materiales,7270473013.289949,4.770600920498991
2025-05,2025-05-01,Exequias,465076134.0,-2.9623914026200793
2025-05,2025-05-01,Hogar,3279694797.0,-14.071179756441143
2025-05,2025-05-01,Ingeniería,78624151.0,3.2982118686085693
2025-05,2025-05-01,Manejo / Riesgos Financieros,446790232.0,202.10719166543498
2025-05,2025-05-01,Otros,1888168311.0,-35.68662471810576
2025-05,2025-05-01,PYME / Multiriesgo,8788546195.290142,62.369357699184924
2025-05,2025-05-01,Responsabilidad Civil,1466083459.21,115.81002564918066
2025-05,2025-05-01,SOAT,2018333000.0,17.66647233720049
2025-05,2025-05-01,Salud,3816091301.0,-11.023150747544708
2025-05,2025-05-01,Transporte / Navegación,419054645.0,67.32716140333643
2025-05,2025-05-01,Vida,12860862377.299,6.996953936420458
2025-06,2025-06-01,Accidentes Personales,284242246.0,29.140747400258824
2025-06,2025-06-01,Asistencias,421740240.0,40.128882747212444
2025-06,2025-06-01,Autos,63071500610.0,4.406063835431451
2025-06,2025-06-01,Aviación,3441473.0,inf
2025-06,2025-06-01,Cumplimiento,524466648.99999994,13.682788978409732
2025-06,2025-06-01,Daños Materiales,8725620179.539984,20.014477236764662
2025-06,2025-06-01,Exequias,449919126.0,-3.259038013763138
2025-06,2025-06-01,Hogar,3242764175.0,-1.1260383750884784
2025-06,2025-06-01,Ingeniería,3626079900.0,4511.916127399582
2025-06,2025-06-01,Manejo / Riesgos Financieros,328417715.5,-26.493980401075557
2025-06,2025-06-01,Otros,1893313838.0,0.2725142123201296
2025-06,2025-06-01,PYME / Multiriesgo,6026783065.77992,-31.42457316763352
2025-06,2025-06-01,Responsabilidad Civil,343856249.0,-76.5459294394272
2025-06,2025-06-01,SOAT,1852924600.0,-8.195297802691625
2025-06,2025-06-01,Salud,4205436435.0,10.202720618816773
2025-06,2025-06-01,Transporte / Navegación,278528287.0,-33.53413681883899
2025-06,2025-06-01,Vida,13476340295.419455,4.785666000180888
2025-07,2025-07-01,Accidentes Personales,694187474.0,144.22389133528023
2025-07,2025-07-01,Agropecuario,0.0,
2025-07,2025-07-01,Asistencias,371482767.0,-11.916689050112927
2025-07,2025-07-01,Autos,76270750514.0,20.92743913866424
2025-07,2025-07-01,Cumplimiento,1166658830.0,122.44671462417433
2025-07,2025-07-01,Daños Materiales,6841849107.959906,-21.58896482793491
2025-07,2025-07-01,Exequias,481755322.0,7.075981917692475
2025-07,2025-07-01,Hogar,3135711190.0,-3.3012880130267264
2025-07,2025-07-01,Ingeniería,71689402.0,-98.02295029406274
2025-07,2025-07-01,Manejo / Riesgos Financieros,159391553.0,-51.466822440642666
2025-07,2025-07-01,Otros,2528444751.0,33.545992230792535
2025-07,2025-07-01,PYME / Multiriesgo,7418001637.430106,23.08393311100787
2025-07,2025-07-01,Responsabilidad Civil,1187292681.0,245.28751024676012
2025-07,2025-07-01,SOAT,2431429100.0,31.221157083240204
2025-07,2025-07-01,Salud,3029960570.0,-27.951340679341406
2025-07,2025-07-01,Transporte / Navegación,748090073.0,168.58674968262739
2025-07,2025-07-01,Vida,12512876561.399347,-7.1492980505069585
2025-08,2025-08-01,Accidentes Personales,1276492991.0,83.88303431127598
2025-08,2025-08-01,Agropecuario,3317141486.0,inf
2025-08,2025-08-01,Asistencias,214453250.0,-42.27100984202586
2025-08,2025-08-01,Autos,73987918521.0,-2.9930634976260917
2025-08,2025-08-01,Cumplimiento,518729733.00000024,-55.537152793846325
2025-08,2025-08-01,Daños Materiales,8200209541.9899645,19.853703473958852
2025-08,2025-08-01,Exequias,370950274.0,-23.000274815853516
2025-08,2025-08-01,Hogar,3560919089.0,13.560174175351914
2025-08,2025-08-01,Ingeniería,77649019.99999976,8.313108819068905
2025-08,2025-08-01,Manejo / Riesgos Financieros,347179272.0,117.81535185870231
2025-08,2025-08-01,Otros,1863993071.0,-26.279066597647006
2025-08,2025-08-01,PYME / Multiriesgo,6926620971.3601055,-6.624164971743451
2025-08,2025-08-01,Responsabilidad Civil,361220711.0,-69.57610227195529
2025-08,2025-08-01,SOAT,2197547100.0,-9.61911659278899
2025-08,2025-08-01,Salud,3463810638.0,14.318670424150115
2025-08,2025-08-01,Transporte / Navegación,462643911.0,-38.15665683883497
2025-08,2025-08-01,Vida,14091027244.999058,12.612213313668462
2025-09,2025-09-01,Accidentes Personales,579035775.0,-54.638546464216354
2025-09,2025-09-01,Agropecuario,-4379734.0,-100.13203337929615
2025-09,2025-09-01,Asistencias,268001957.0,24.96987431992754
2025-09,2025-09-01,Autos,75509300600.0,2.0562574396091327
2025-09,2025-09-01,Aviación,803298157.0,
2025-09,2025-09-01,Cumplimiento,440552046.0,-15.07098630106869
2025-09,2025-09-01,Daños Materiales,7974933564.189957,-2.7471978203295944
2025-09,2025-09-01,Exequias,464139350.0,25.12171644871193
2025-09,2025-09-01,Hogar,4975899215.0,39.73637397072574
2025-09,2025-09-01,Ingeniería,27807449.0,-64.18828080508925
2025-09,2025-09-01,Manejo / Riesgos Financieros,141056637.06,-59.370662814224694
2025-09,2025-09-01,Otros,2451016996.0,31.492816906506626
2025-09,2025-09-01,PYME / Multiriesgo,6759492484.050071,-2.412842972079321
2025-09,2025-09-01,Responsabilidad Civil,544574736.0,50.759554869488085
2025-09,2025-09-01,SOAT,2242680700.0,2.0538171855338128
2025-09,2025-09-01,Salud,3085665099.0,-10.917038444640292
2025-09,2025-09-01,Transporte / Navegación,513651469.0,11.025230590357872
2025-09,2025-09-01,Vida,13416034309.739124,-4.790232277064755
2025-10,2025-10-01,Accidentes Personales,244580325.0,-57.7607575283237
2025-10,2025-10-01,Asistencias,254343946.0,-5.096235547265049
2025-10,2025-10-01,Autos,72169467768.0,-4.423074780803892
2025-10,2025-10-01,Aviación,641836400.0,-20.099854032156085
2025-10,2025-10-01,Cumplimiento,-209358173.0,-147.52177975357762
2025-10,2025-10-01,Daños Materiales,1897380100.739985,-76.20820179292981
2025-10,2025-10-01,Exequias,370005228.0,-20.28143530601316
2025-10,2025-10-01,Hogar,2090568303.0,-57.98612044436273
2025-10,2025-10-01,Ingeniería,27215093.0,-2.1302061904348024
2025-10,2025-10-01,Manejo / Riesgos Financieros,165635414.0,17.424757496200005
2025-10,2025-10-01,Otros,2171716914.94,-11.39527312604567
2025-10,2025-10-01,PYME / Multiriesgo,5731444047.699917,-15.208958938499773
2025-10,2025-10-01,Responsabilidad Civil,2950824886.92,441.8585718085901
2025-10,2025-10-01,SOAT,2520162800.0,12.372786727954633
2025-10,2025-10-01,Salud,3606259463.0,16.87138258032972
2025-10,2025-10-01,Transporte / Navegación,289759372.0,-43.58832993038709
2025-10,2025-10-01,Vida,15781539525.28833,17.63192580561612
2025-11,2025-11-01,Accidentes Personales,312566485.0,27.797068304656158
2025-11,2025-11-01,Asistencias,355325678.0,39.70282508709681
2025-11,2025-11-01,Autos,82369127572.0,14.13292922817222
2025-11,2025-11-01,Cumplimiento,665391634.9999999,-417.82453269689165
2025-11,2025-11-01,Daños Materiales,2123893617.350001,11.938225583881422
2025-11,2025-11-01,Exequias,419810855.0,13.460790072944583
2025-11,2025-11-01,Hogar,3426428085.0,63.89936076630547
2025-11,2025-11-01,Ingeniería,569111763.0,1991.1622936581552
2025-11,2025-11-01,Manejo / Riesgos Financieros,131774853.0,-20.442826918644343
2025-11,2025-11-01,Otros,2801339891.0,28.991945116262773
2025-11,2025-11-01,PYME / Multiriesgo,6480850820.290028,13.07535703660676
2025-11,2025-11-01,Responsabilidad Civil,1050488984.0,-64.4001584554726
2025-11,2025-11-01,SOAT,2483023900.0,-1.4736706692123236
2025-11,2025-11-01,Salud,3117994099.0,-13.539385310723551
2025-11,2025-11-01,Transporte / Navegación,1520426956.2,424.7205450873216
2025-11,2025-11-01,Vida,15351098969.228258,-2.727494078574111
2025-12,2025-12-01,Accidentes Personales,610486236.0,95.31404206692218
2025-12,2025-12-01,Agropecuario,-18950340.0,
2025-12,2025-12-01,Asistencias,470434746.0,32.395369973796264
2025-12,2025-12-01,Autos,68445397746.0,-16.90406373896467
2025-12,2025-12-01,Aviación,36750000.0,
2025-12,2025-12-01,Cumplimiento,1306500585.9999998,96.35061778316465
2025-12,2025-12-01,Daños Materiales,2302767957.269993,8.422000916560712
2025-12,2025-12-01,Exequias,429352048.0,2.2727361349434316
2025-12,2025-12-01,Hogar,3652302222.0,6.592116670675718
2025-12,2025-12-01,Ingeniería,30203821.0,-94.69281379095304
2025-12,2025-12-01,Manejo / Riesgos Financieros,277407793.0,110.51648830145156
2025-12,2025-12-01,Otros,4067976014.73,45.21536739613008
2025-12,2025-12-01,PYME / Multiriesgo,7889460053.980111,21.734943030628905
2025-12,2025-12-01,Responsabilidad Civil,1565823572.35,49.05663897471197
2025-12,2025-12-01,SOAT,3091677300.0,24.512587252986172
2025-12,2025-12-01,Salud,3645304875.0,16.91185933190569
2025-12,2025-12-01,Transporte / Navegación,678884554.15,-55.34908458563936
2025-12,2025-12-01,Vida,23028984016.568283,50.01521430309699
2026-01,2026-01-01,Accidentes Personales,1586701063.0,159.90775375974243
2026-01,2026-01-01,Asistencias,251087197.0,-46.626562103471834
2026-01,2026-01-01,Autos,63983194297.0,-6.519362288694963
2026-01,2026-01-01,Cumplimiento,241978258.0,-81.47890168646276
2026-01,2026-01-01,Daños Materiales,1821378801.4900053,-20.904805204545674
2026-01,2026-01-01,Exequias,577014391.0,34.39190372745118
2026-01,2026-01-01,Hogar,3406918191.0,-6.718612428125614
2026-01,2026-01-01,Ingeniería,23259407.0,-22.991839343770447
2026-01,2026-01-01,Manejo / Riesgos Financieros,391279645.8,41.048541415705664
2026-01,2026-01-01,Otros,6676886522.0,64.13288814445379
2026-01,2026-01-01,PYME / Multiriesgo,7073647014.640105,-10.340543380132083
2026-01,2026-01-01,Responsabilidad Civil,1181166284.46,-24.565812820961895
2026-01,2026-01-01,SOAT,1898746700.0,-38.58522362602332
2026-01,2026-01-01,Salud,3359313937.0,-7.845460059084908
2026-01,2026-01-01,Transporte / Navegación,1327336051.0,95.51719697937394
2026-01,2026-01-01,Vida,22563120899.610718,-2.0229425519701527
2026-02,2026-02-01,Accidentes Personales,2814308518.0,77.36854052892255
2026-02,2026-02-01,Asistencias,258808074.0,3.074978370960113
2026-02,2026-02-01,Autos,70669559975.0,10.450190478085442
2026-02,2026-02-01,Aviación,28541516.0,
2026-02,2026-02-01,Cumplimiento,1920162456.0,693.5268531439714
2026-02,2026-02-01,Daños Materiales,1854060121.7799819,1.7943175940798861
2026-02,2026-02-01,Exequias,468561362.0,-18.79555010959857
2026-02,2026-02-01,Hogar,3229858234.0,-5.197070991247643
2026-02,2026-02-01,Ingeniería,1484471182.0,6282.240020134649
2026-02,2026-02-01,Manejo / Riesgos Financieros,227140333.0,-41.94936142522955
2026-02,2026-02-01,Otros,3547523580.0,-46.86859559000904
2026-02,2026-02-01,PYME / Multiriesgo,12519614160.380146,76.98952371342101
2026-02,2026-02-01,Responsabilidad Civil,1563284901.87,32.35095874622724
2026-02,2026-02-01,SOAT,1670145600.0,-12.039578528299744
2026-02,2026-02-01,Salud,2830017698.0,-15.756081418001756
2026-02,2026-02-01,Transporte / Navegación,617867990.0,-53.450522982894555
2026-02,2026-02-01,Vida,27138523814.12805,20.2782360422324
2026-03,2026-03-01,Accidentes Personales,717574014.0,-74.50265280403774
2026-03,2026-03-01,Agropecuario,6020364422.0,
2026-03,2026-03-01,Asistencias,429213226.0,65.8422858940637
2026-03,2026-03-01,Autos,70412955546.0,-0.36310460839260594
2026-03,2026-03-01,Aviación,28541516.0,0.0
2026-03,2026-03-01,Cumplimiento,176664372.0,-90.79950910153615
2026-03,2026-03-01,Daños Materiales,5314824833.149935,186.65871029292524
2026-03,2026-03-01,Exequias,455774355.0,-2.728993049153716
2026-03,2026-03-01,Hogar,4187160010.0,29.63912675555531
2026-03,2026-03-01,Ingeniería,97152758.0,-93.45539615871101
2026-03,2026-03-01,Manejo / Riesgos Financieros,193313665.0,-14.892409266653672
2026-03,2026-03-01,Otros,3249337509.99,-8.40547112050486
2026-03,2026-03-01,PYME / Multiriesgo,12541052184.700142,0.1712355033099966
2026-03,2026-03-01,Responsabilidad Civil,852468603.0699999,-45.4694021511832
2026-03,2026-03-01,SOAT,1630048500.0,-2.4008146355623095
2026-03,2026-03-01,Salud,3397602347.0,20.055869240715964
2026-03,2026-03-01,Transporte / Navegación,906511901.0,46.716113420926696
2026-03,2026-03-01,Vida,23842588980.65815,-12.144856721182718
2026-04,2026-04-01,Accidentes Personales,152569308.0,-78.7381782194805
2026-04,2026-04-01,Asistencias,306400480.0,-28.613457964596833
2026-04,2026-04-01,Autos,66978276325.0,-4.8779080417326925
2026-04,2026-04-01,Aviación,560000000.0,1862.0541529749155
2026-04,2026-04-01,Cumplimiento,739278036.9999999,318.4647015301986
2026-04,2026-04-01,Daños Materiales,4034749321.669985,-24.084999067058398
2026-04,2026-04-01,Exequias,545589022.0,19.705950107701863
2026-04,2026-04-01,Hogar,3462536026.0,-17.305858440313106
2026-04,2026-04-01,Ingeniería,-22860289.0,-123.53025222402847
2026-04,2026-04-01,Manejo / Riesgos Financieros,140935845.0,-27.094732283928302
2026-04,2026-04-01,Otros,3674657322.789999,13.089431660834405
2026-04,2026-04-01,PYME / Multiriesgo,9789248786.127167,-21.942364628146006
2026-04,2026-04-01,Responsabilidad Civil,1990451640.31,133.49266273758062
2026-04,2026-04-01,SOAT,1326982600.0,-18.592446789159954
2026-04,2026-04-01,Salud,4370831223.0,28.644578635264285
2026-04,2026-04-01,Transporte / Navegación,797671034.0,-12.006556878065744
2026-04,2026-04-01,Vida,27901396455.634445,17.023350435092954
2026-05,2026-05-01,Accidentes Personales,516949920.0,238.82956328280653
2026-05,2026-05-01,Agropecuario,-38081160.0,
2026-05,2026-05-01,Asistencias,232487254.0,-24.123077744525723
2026-05,2026-05-01,Autos,67809487645.0,1.2410162900679866
2026-05,2026-05-01,Aviación,-427957426.0,-176.42096892857145
2026-05,2026-05-01,Cumplimiento,288359890.99999994,-60.99439228978474
2026-05,2026-05-01,Daños Materiales,3947701665.649953,-2.1574489287974563
2026-05,2026-05-01,Exequias,467286366.0,-14.351948599141718
2026-05,2026-05-01,Hogar,3658526922.0,5.660327994519476
2026-05,2026-05-01,Ingeniería,919191598.0,-4120.909788148348
2026-05,2026-05-01,Manejo / Riesgos Financieros,192735887.0,36.754341665173975
2026-05,2026-05-01,Otros,4667063333.2,27.00676344036652
2026-05,2026-05-01,PYME / Multiriesgo,9213116530.920147,-5.8853571688103905
2026-05,2026-05-01,Responsabilidad Civil,955672441.44,-51.987155975758334
2026-05,2026-05-01,SOAT,1349324900.0,1.6836920092245355
2026-05,2026-05-01,Salud,3956084329.0,-9.48897069778254
2026-05,2026-05-01,Transporte / Navegación,784628640.14,-1.6350592291909716
2026-05,2026-05-01,Vida,29989159677.99985,7.4826477796017254
2026-06,2026-06-01,Accidentes Personales,485860316.0,-6.014045615869323
2026-06,2026-06-01,Agropecuario,-9475200.0,-75.11840500657017
2026-06,2026-06-01,Asistencias,471293622.0,102.71804750207943
2026-06,2026-06-01,Autos,74865856761.0,10.406167869814764
2026-06,2026-06-01,Aviación,526063252.0,-222.9242022780088
2026-06,2026-06-01,Cumplimiento,-751949023.0000001,-360.7675500196386
2026-06,2026-06-01,Daños Materiales,4147335874.919968,5.056973048573754
2026-06,2026-06-01,Exequias,475005266.0,1.6518564549773407
2026-06,2026-06-01,Hogar,4110467152.0,12.353065581732526
2026-06,2026-06-01,Ingeniería,6176731099.0,571.9742774454734
2026-06,2026-06-01,Manejo / Riesgos Financieros,364943571.0,89.34904997739213
2026-06,2026-06-01,Otros,4671127632.48,0.08708472522940269
2026-06,2026-06-01,PYME / Multiriesgo,8829027229.810112,-4.168940008747235
2026-06,2026-06-01,Responsabilidad Civil,569427292.54,-40.416060163669556
2026-06,2026-06-01,SOAT,1490837000.0,10.487622365821615
2026-06,2026-06-01,Salud,4281579786.0,8.227717862684614
2026-06,2026-06-01,Transporte / Navegación,760122099.08,-3.123329917657258
2026-06,2026-06-01,Vida,33082702435.578148,10.315536649890621
2026-07,2026-07-01,Accidentes Personales,626099980.0,28.864193963106043
2026-07,2026-07-01,Asistencias,343044210.0,-27.212210395667103
2026-07,2026-07-01,Autos,77329783734.0,3.2911223882280405
2026-07,2026-07-01,Aviación,4.0,-99.99999923963516
2026-07,2026-07-01,Cumplimiento,556908932.0,-174.06205939042758
2026-07,2026-07-01,Daños Materiales,4065483361.6399775,-1.9736166963224333
2026-07,2026-07-01,Exequias,524915551.0,10.507311933674446
2026-07,2026-07-01,Hogar,3860141450.0,-6.089957485202158
2026-07,2026-07-01,Ingeniería,-204611123.0,-103.31261179611859
2026-07,2026-07-01,Manejo / Riesgos Financieros,333484163.0,-8.62034859630395
2026-07,2026-07-01,Otros,4305623210.74,-7.824757756532241
2026-07,2026-07-01,PYME / Multiriesgo,9572353806.240149,8.419122028758586
2026-07,2026-07-01,Responsabilidad Civil,1473188338.1799998,158.71403732839417
2026-07,2026-07-01,SOAT,155603200.0,-89.56269531813336
2026-07,2026-07-01,Salud,3393043445.0,-20.752534938280377
2026-07,2026-07-01,Transporte / Navegación,996408179.84,31.085279726241954
2026-07,2026-07-01,Vida,30236570005.548145,-8.603083244400212
2026-08,2026-08-01,Accidentes Personales,14539327.0,-97.67779468704025
2026-08,2026-08-01,Asistencias,116005034.0,-66.18364904045458
2026-08,2026-08-01,Autos,39834102058.0,-48.48802087042961
2026-08,2026-08-01,Aviación,2942000.0,73549900.0
2026-08,2026-08-01,Cumplimiento,69214643.0,-87.57164070767678
2026-08,2026-08-01,Daños Materiales,389913336.0,-90.40917644187056
2026-08,2026-08-01,Exequias,19014484.0,-96.37761084353929
2026-08,2026-08-01,Hogar,345045713.0,-91.06131944983518
2026-08,2026-08-01,Ingeniería,69727322.0,-134.0779723886272
2026-08,2026-08-01,Manejo / Riesgos Financieros,19313078.5,-94.20869695092537
2026-08,2026-08-01,Otros,181075584.0,-95.7944396168173
2026-08,2026-08-01,PYME / Multiriesgo,963622201.0,-89.933278475647
2026-08,2026-08-01,Responsabilidad Civil,78638401.0,-94.66202664235375
2026-08,2026-08-01,Salud,2123822944.0,-37.40655024238866
2026-08,2026-08-01,Transporte / Navegación,262373200.0,-73.66810055271415
2026-08,2026-08-01,Vida,9589288580.0,-68.2857924088597
